Title,Score,Comment
포드 V 페라리,10,오랫동안 기억에 남을 최고의 영화 
포드 V 페라리,8,정말 화끈했던 만큼 마지막에 너무 아리다.. ㅠㅇㅠ 
포드 V 페라리,1,8.5점 줄 영화다. 평이 너무 과해 빵점 준다.여자가 운전하는 장면부터 뭐 이따위 영화가 있지?라는 생각에 짜증 가득한 상태로 끝까지 보았다.그녀는 아내이고 아이의 엄마다. 남편에게 조곤조곤 물으면 될 일을 난폭 운전으로 목숨 걸고 발광을 한다. 이런 me친련을 보았나. 저게 엄마라니. 
포드 V 페라리,9,
포드 V 페라리,10,너무 재밌습니다 정말  재미있게 봤어요 꼭 보세요 
포드 V 페라리,10,엔딩 크레딧 올라갈때 마음속으로 기립 박수를 치고 있었다.연말 연초 영화 홍수 속에 진정 제대로 된 영화 한편 감사 ♥ 
포드 V 페라리,10,멋진영화 한번 더 보고 싶다! 
포드 V 페라리,10,
포드 V 페라리,9,감동적이에여 ㅜ 배우들 연기도.. 
포드 V 페라리,10,
포드 V 페라리,10, 켄이 경기 중일때 켄이 집중하고 속도 내는 순간마다 주변소음을 다 줄이고 켄의 긴장감있는 숨소리만 들려주는 순간이 나타나면 나는 정말 숨도 못쉬고 켄의 숨소리에 맞춰 똑같이 숨쉬게 됨... 베일이랑 멧데이먼 둘다 연기 미쳤다 
포드 V 페라리,10,진짜 스크린독점에 밀려서 빨리 내려온 영화라는게 아쉽다.. 정말 흡입력도 뛰어나고..  영화를 본다음 가슴이 뛴다 라는것을 오랜만에 느꼈다.. 사운드랑 영상미 때문에 영화관에서 봐야될 영화인데..  ㅠㅠ 
포드 V 페라리,10,"미친 연기력, 흥미로운 스토리 그리고 뛰어난 연출력의 정수~!! "
포드 V 페라리,10,
포드 V 페라리,9,영화관에서 봤으면 더 재밌었을듯! 
포드 V 페라리,10,cj가 극장 독점하니  쓰레기 같은 백두산이 1등을 해 먹는거다!!! 이 영화 백두산과 비교 불가다~~~!!! 
포드 V 페라리,10,30대 줌마 혼자 재밌게 보고왔네요 
포드 V 페라리,9,
포드 V 페라리,10,보는 내내 긴장을 놓을수 없던 잘 만든영화..  임원이란 놈들이 얼마나 회사에 나쁜놈들인지는 덤.. 
포드 V 페라리,10,상영관이 적어 백두산만 보고 이거 안본 사람들은...자신이 얼마나 큰 사기를 당한건지 모를거다.인생영화가 될 만한 엄청난 영화다. 꼭 봐라. 
포드 V 페라리,10,Wait for Wait for Now 
포드 V 페라리,10,페라리가 빌런이 아니고 포드가 빌런이였다니단순한 오락영환지 알고 봤다가 두 연기장인들에게 속아서 행복합니다 
포드 V 페라리,10,"정말 오랫만에 극장에서 본 영화인데, 너무 재미있게 봤어요. 맷데이먼과 크리스찬 베일의 연기는 너무 완벽했고, 연출과 각본 또한 완벽했어요. 가슴뛰는 레이싱 장면이 정말 압권입니다. 또 한번 더 보고 싶네요~ 더할나위 없이 완벽한 영화였습니다. "
포드 V 페라리,10,"감동적인 영화, 영화다운 영화. 내인생에 몇개 손꼽히는 "
포드 V 페라리,9,진짜 재밌어요ㅋㅋㅋㅋ 액션 좋아하면 십점 거뜬히 줄 듯 +페라리 회장님 멋있음 
포드 V 페라리,10,최근 몇년간 봤던 영화중 탑3 
포드 V 페라리,10,이걸 만원주고 보기 미안할 따름. 영상도 미쳤지만 두사람 연기도 미쳤다~~또 보고싶다~~ 
포드 V 페라리,10,인생 no1영화가 되엇어요 
포드 V 페라리,10,2020년 1월 올해 33살인데 태어나서 이렇게 긴장감 있고 흥미진진한 그리고 알 수 없는 감동까지.. 이런 영화는 처음이네요. 기대 안 하고 왔다가 재미에 감동까지 받고 갑니다. 
포드 V 페라리,9,자동차와 질주본능 완벽한 남자들의 영화 
포드 V 페라리,10,"일단 저도뭐 평점먼저보고 영화보는사람입니다만,,, 이건진짜 꼭보세요 cgv관람권 2장있었지만 그냥 돈내고서 4D로본거 절대후회안합니다 오히려 포인트써서 할인받은게 부끄러울정도로요.. 이제 이영화 안본사람들이랑은 대화 안할렵니다. 내용은뭐 여러분들이 보시면 아실거구요 나름 영화에있어서 굉장히 엄격한사람이지만 이영화 2시간반 보면서 절대 시간 오래간단생각 안했구요 그냥 한시간쯤 지났나 싶은데 영화 끝났습니다. 무조건 극장가서 4d로 보세요 무조건입니다 "
포드 V 페라리,10,연출이며 연기며 스토리며 영상미며 사운드며 OST며 모든게 완벽했다. 분노의 질주보다 훨씬 재밌고 애니메이션 카 시리즈 이후로 오랜만에 보는 명작 레이싱 영화를 본듯. 
포드 V 페라리,10,진짜 내 몸안에 피가 끓는듯한 스릴감을 느꼈다.시간 가는 줄 모르고 봤다 
포드 V 페라리,10,
포드 V 페라리,10,세븐 따우잔드 비퓌엠만큼 재밌습니다 꼭 보시길 ! 
포드 V 페라리,10,걍 연기 연출 모든것이 다 지린다 
포드 V 페라리,10,너무 재밌다 너무 잘만들었다 했더니 로건 감독님이셨네.. 영화가 실화기반의 레이싱영화로서의 완성도와 재미도 높지만..보고나면 좀 씁쓸하기도 함. 개인의 꿈과 노력이 재벌총수 ceo의 기분내기용 혹은 사진 한장 남기기 보다 중요치 않다는것.. 영화는 첫장면을 보는 순간 이 영화가 앞으로도 재밌을거라는걸 알게됨. 꼭 보세요. 한국영화 제작자들 신파 없어도 로맨스 없어도 싸이코패스 안나와도 이렇게 심장이 터질듯이 재밌어요. 제발 억지 신파 억지 감동 그런 쓰레기 기획으로 몇십억 몇백억 들여 쓰레기 만들지 말아요. 
포드 V 페라리,9,지루하고 뻔할 수 있는 레이싱이라는 주제를 두손쥐게 볼줄 몰랐다... 미쟝센이 터지다못해 흘러넘치고 ost도 거든다. 마지막엔 반전도.. 
포드 V 페라리,9,레전더리한 스토리. 영화가 스토리빨을 받았다. 
포드 V 페라리,10,삶에서 감동을 받는 순간들은 행복을 느끼게 합니다. 정말 오랜만에 감동이 다가오는 영화를 봤습니다. 근래에 만나기 어려운 좋은 영화입니다 
포드 V 페라리,10,"중간에 맷데이먼이 ""안녕하세요""라고 하는데 실제 쉘비의 디자이너중에 한국인이 있었다고 그래서 넣은거라고 하네요. 고증 갑임 ㅋㅋㅋ "
포드 V 페라리,10,"가만히 앉아있는데도 속도감이 느껴져서 너무 놀랐고, 전개가 너무 좋았다. 하지만, 집으로 돌아가는 길 우리 평택 70번 버스가 마일스가 운전하는 스포츠카보다 더 빠르다는 사실을 간과하고 있었다. "
포드 V 페라리,10,"어떻게 살 것 인가에 대해, 한국 사람들도 보면서 많은 걸 느낄 수 있는 좋은 영화 "
포드 V 페라리,10,숨이 막히고 가슴이 뛴다 
포드 V 페라리,10, 우리나라 영화? 이게 영화지 
포드 V 페라리,10,"첫 장면이 안잊혀지네요, 사운드도 넘 좋았어요 "
포드 V 페라리,10,인생 영화 리스트에 올려도 손색없을 영화GT-40뒤 숨겨진 이야기를 들추어 보는 재미가 좋았습니다레이싱 세계의 언터처블 1%의 우정 
포드 V 페라리,8,포드회사는 양아치로나오네 ㅋ 
포드 V 페라리,10,개존잼 꼭 영화관에서 보세요 
포드 V 페라리,10,미남배우들연기스토리연출 다 완벽한듯요. 
포드 V 페라리,1,. 
포드 V 페라리,10,
포드 V 페라리,10,"말이 필요없음 ㅠㅠㅠ 인생영화 됨,,, "
포드 V 페라리,10,끝나고 집에 갈때 레이싱함 
포드 V 페라리,10,
포드 V 페라리,10,완벽한 '자동차' '영화' 
포드 V 페라리,10,영화본후 자전거타고 집가는데폐달을  7000rpm으로 밟고있는 나를 보았지.짜릿하더라. 
포드 V 페라리,10,방금 봤는데 최근 2년간 본 영화 중 최고였다. 곧 4D 로 한번 더 본다. 
포드 V 페라리,9,캐롤과 켄의 캐미만으로도 이미 충분한 영화입니다.근래 봤던 영화중 으뜸으로 꼽고 싶네요 
포드 V 페라리,10,예상못했는데..너무나 재미있었음. 스토리도 탄탄하고 감동도있고 배우들 연기나무 질하고 두 남배우 케미 너무 좋았어요. 실화를 바탕으로 해서 더욱 흥미 진진 했던..누구에게나 추천해 주고 싶은 영화네요.. 원래 액션 별로 안좋아 하는데.. 강추 합니다!! 
포드 V 페라리,10,2019년 한 편만 꼽으라면 이 영화다.아마 2000년 이후 한 편만 꼽으라해도 이 영화를 선택할 것이다. 
포드 V 페라리,10,V8 이런 영화를 극장에서 봐줘야죠 
포드 V 페라리,10,"차에 대해 1도 모르는 사람이지만 자동차경주 장면이 압권이었고,'전문가'라는 말은 함부로 쓰면 안될 말이라는 걸 새삼 느낌. 영화속에서 진정한 승자를 만났음. 가슴 뭉클~ "
포드 V 페라리,10,차 좋아하면 꼭 보세요ㅋㅋㅋ 
포드 V 페라리,10,역시 큰 스크린으로 보니 감동입니다엔진소리에 심장이 두둥 
포드 V 페라리,10,영화의 장면장면이 정말 잘만들었더라 깨진유리를 통한 장면전환도 짜임세 있었고 마지막 레이싱을 위한 빌드업이 정말 깔끔했다 
포드 V 페라리,10,
포드 V 페라리,10,포드 회장님 뚱뚱... 돼지 
포드 V 페라리,10,포드 v 페라리가 아니라 포드 v 켄마일즈네 ㅋㅋ 페라리는 싱겁게 끝났고 포드랑 싸우는게 더 많아 ㅋㅋㅋ 영화 자체는 재미있었다 
포드 V 페라리,10,
포드 V 페라리,10,최고 최고. 두 남주 연기 최고. 크리스찬 베일 존멋 사랑합니다. 
포드 V 페라리,6,여러 요소들이 무난히 배치되어 있지만 강렬함은 없는 
포드 V 페라리,10,왜 내심장을 벌렁이게 만드는거냐 
포드 V 페라리,9,맷데이먼과 베일의 연기만으로도 훌륭 
포드 V 페라리,10,"보지 않으면 인생이 손해인 영화4dx로 꼭 보길바람, "
포드 V 페라리,10,2시간 30분 시간 가는줄 모르고 봤다..  나도 모르게 눈물이 .. 
포드 V 페라리,10,
포드 V 페라리,9,제임스 맨골드는 남자가 꼭 봐야될 영화 두 편을 만들었다.로건과 이 영화. 두 영화는 어쩌면 같은 주제를 갖고 있는 듯하다.히어로의 힘과 자동차/레이싱 기술은 주인공이 아니었다. 
포드 V 페라리,10,쓰레기 한국영화랑  다릅니다  꼭 봐주세요 
포드 V 페라리,10,"포드 사람들이 실제로 그렇게 나쁘지 않았다고 하며, 켄 마일즈도 그렇게 어려운 사람은 아니였다. 그런데 모르는 사람에게는 흥미를 가져다 주며 관심을 갖게하는데에는 충분했습니다. 패라리팀 골탕 먹이는것도 사실은 아니였으나 경주는 매우 사실적으로 묘사되었다고 하네요. 결론적으로는 정말 잘봤으며 흥미진진했습니다. "
포드 V 페라리,10,모든면에서 잘 만들어진 웰메이드 
포드 V 페라리,10,개인적으로 2019 최고의 영화다! 한 번 더 보고 싶은 영화! 
포드 V 페라리,10,포드가 페라리한테 안되는 이유 
포드 V 페라리,10,자신이 사랑하는 “일”에 모든것을 쏟아붓는 사람. 그리고 그것을 이용하고 착취하는 악인들. 한국 영화 따위와 비교가 될라나. 명작중의 명작이다. 
포드 V 페라리,10,감동적이면서도 재미있었어요! 
포드 V 페라리,10,그냥 진짜 재밌다.레이싱 장면에서 나도 몰랐는데 가슴이 뛰고있었음 ㅠㅠ 
포드 V 페라리,10,
포드 V 페라리,10,
포드 V 페라리,10,모든게 완벽했다.  이런 스토리를 이제야 알게된 내 자신이 너무 화가낫다. 자동차를 사랑하는 사람이라면 켄 마일즈를 가슴속 깊히 새겨야 될것이다. 
포드 V 페라리,8,사실 8.4점임 ㅋ 
포드 V 페라리,10,감동적이고 좋은 생각을 많이 하게 만드는 영화네요! 최고!! 
포드 V 페라리,10,그냥보세요 인생영화입니다 
포드 V 페라리,10,재밋어요 ㅎㅎㅎㅎ 
포드 V 페라리,10,만이천원으로 mx관에서 봤는데 두배 주고 다시 mx에서 보라고하면 또 볼 영화. 
포드 V 페라리,1,진지하게 노잼이다. 본이랑 베트맨이랑 레이싱겨루는줄 알았더만 걍 포드대국어사전급이네 진심지루하기 짝이없음. 긴 러닝타임에 레이싱은 고작 두번이고 영화 2시간내내 아가리만 텀. 댓글메크로 오지게돌렸네 10점도배 뭐냐? 
포드 V 페라리,1,이렇게 노잼인 레이싱 영화는 태어나서 처음 본다. 이거 보느니 차라리 토렌트로 2013년에 나온 rush가 훨씬 재밌다. 처음부터 박력적인 레이싱 선수가 독일간호사랑 그거 하는거부터 해서 몰입감 지리고 속도감 스토리 연출 전부 rush가 훨씬 나음. 포드 페라리 이건 진짜 보는 내내 하품 존.1나 쳐나옴 
포드 V 페라리,9,드라마 영화로는 그냥 커피레이싱 영화로는 T.O.P 
포드 V 페라리,10,
포드 V 페라리,10,참 여자란것이 남자가큰일할때마다 태클들어오네...인중꽂고싶었음ㅡㅡ 
포드 V 페라리,10,
포드 V 페라리,9,어떤 방법이든 돈으로 집결 되는세상. 씁쓸하지만 왜 미국차가 유럽차를 이기지못하는지 이유를 알려준 영화다. 
포드 V 페라리,8,볼만했어요 
포드 V 페라리,10,내 인생 28년 살면서 본 영화중 최고의 스토리 연기력 더 이상의 말이 필요한가 ? 
포드 V 페라리,10,엔진소리가 아직도 가슴을 때린다! 
포드 V 페라리,10,
포드 V 페라리,6,영화가 일단 너무 길고 소재자체가 나 왠지 몰입이 안되더라... 
포드 V 페라리,10,나같으면 치사해서 그만두고 페라리로 이직한다 믿고 지지해도 모자를 판에 뭔짓인지 
포드 V 페라리,10,시간 순삭!!!상영관이 너무 없어서 아쉬워요ㅠㅠ 
포드 V 페라리,9,영상 사운드 최고 스토리는 중상 
포드 V 페라리,10,너무 재밌는데 실화라니 휴 리오 존나 패고싶음 개밉상ㅗ 살빠진 움파룸파같이 생겨선...여하튼 꼰대들은 항상 극혐이다 OOO 패고싶었으매 
포드 V 페라리,10,남자친구가 이 영화보자고했을때콧방귀 끼면서 무슨 마티즈 대 모닝이냐고 이름이 그게 뭐냐고 웃었는데 평론가 평점 높은거 보고 혼자 보러갔어요.최고입니다.ㅠㅠ영화보는내내 짜릿하고 가슴이 터질것같더라구요.멧데이먼 넘나 매력적ㅎ그리고 저도 포드싫어짐..평점 다 너무 공감간다는ㅋㅋ안녕하세요 저도 들었네요 
포드 V 페라리,10,
포드 V 페라리,7,"평정들 보고 역대급 레이싱영화로 기대하고 코엑스mx관에서 봤는데 기대만큼은 아녔음,, 분노의질주나 베이비드라이버가 훨잼썼음 "
포드 V 페라리,10,시간이 무색할만큼 몰입력 최고!! 
포드 V 페라리,10,"극장 가서 봐야 하는 영화. 2019 최고의 영화.. 포드사 같은 회사와 조직 아직도 여기저기 많다. 보고 뭔가 깨달았으면..크리스찬 베일, 멧 데이먼 최고~!! "
포드 V 페라리,8,"보통의 차보다 빠르게 목적지에 당도하는 레이싱 카들처럼, 관객을 아드레날린으로 엔딩 지점에 빠르게 데려다 놓는다 "
포드 V 페라리,8,액션 스토리 연출 다 상급 
포드 V 페라리,10,
포드 V 페라리,10,실화를 바탕으로 한 근래 보기 드문 수작. 차를 좋아하는 사람한테는 더할나위가 없음. 이보다 더 완벽할수는 없다. 미국 특유의 영웅 심리가 마지막에 자막으로 나오긴 하지만 그거 빼고는 정말 완벽했음. 백두산따위 없었으면 입소문으로 10만명 이상 보고 상영관 늘렸을 영화임. 보세요. 
포드 V 페라리,10,굿^^ 안본사람은있어도 한번만볼사람은 없을듯 힙니다 
포드 V 페라리,10,극장에서 꼭 봐야하는 영화  최고 
포드 V 페라리,10,4d로봐라.. ㅋㅋㅋ 
포드 V 페라리,10,이건 영화관에서 봐야 재밌을 영화다. 
포드 V 페라리,10,124 
포드 V 페라리,10,흥분도되고 감동도있고 너무 재밌게 봤습니다!배우들의 미친 연기력에 시간가는줄 모르고 봣어요! 실화바탕이라 페라리와 포드의 역사를 알게되었네요 ㅎㅎㅎ 
포드 V 페라리,10,이게 2시간 30분짜리인 줄 몰랐어요. 정말 재밌습니다 진짜... 
포드 V 페라리,10,재미있게 잘봤습니다 ㅎㅎ 
포드 V 페라리,10,너무재밌었고 너무화가나서 실화가 아니길 바랬음 
포드 V 페라리,1,운전 조가치 하내. 한국이여스면 넌 디져써 
포드 V 페라리,10,완죠니재미다여웅히히 
포드 V 페라리,9,몰입과연기가최고!입니다 
포드 V 페라리,10,레이싱안좋아했는데 너무재밌네요 
포드 V 페라리,7,스피드가 볼만했음 
포드 V 페라리,10,크리스찬베일 연기만 하더라도 완전 만족이요 
포드 V 페라리,10,2019년부터 본영화중에 최고입니다!!꼭!!4dx로 보세요!!방금 보고나오는데 떠보고싶습니다!!최고네요 !!가격이 너무 싸다는 생각까지 들어요 이런훅 처음 남겨요!!꼭 보세요!! 
포드 V 페라리,10,"Even for someone not interested in cars or racing, the story was interesting and draws you in! "
포드 V 페라리,10,어떻게 이런 연출이 가능하지.. 라는 생각을 수도 없이 하게 했으며 탄탄한 스토리라인과 두 주인공의 연기력에 감탄 연발했습니다. 개인적으로 2019년에 본 영화 중 최고였습니다. 
포드 V 페라리,10,차에 별로 관심이 없는 나 조차 손에 땀을 쥐고 몰입해서 보게 된다. 연기 잘하는 배우와 훌륭한 연출과 음악.. 삼박자가 아주 잘 어울림 
포드 V 페라리,10,정말 간만에 돈안아까운 후회없는 영화 
포드 V 페라리,10,실패없는 맷 데이먼 영화!! 
포드 V 페라리,9,포드 vs 페라리 대결구도를 초월하는 끈적끈적한 무언가 
포드 V 페라리,10,극장에서 이영화를본게 신의한수 
포드 V 페라리,10,영화라고 다 같은 영화가 아니란건 알고있다근데 이 영화는 너무 강렬하게 기억에 남는다. 
포드 V 페라리,10,멋져요. 자신이 좋아하는 일에 최선을 다하며 만족하는 모습에 오늘을 사는 나에게 많은 동기부여가 됩니다. 
포드 V 페라리,8,"연출, 연기 너무 좋았음. 의외로 la를 잘 느낄 수 있어서 좋았음, "
포드 V 페라리,9,"박진감 넘치는 레이싱 장면이 지루할 새 없이 작품을 이끌고 갈 뿐만 아니라, 경기를 둘러싸고 일어나는 정치적인 이해관계와 대립이 짜임새 있게 구성되어 있어서 정말 재미있게 보았습니다. 배우들의 연기는 말할 것도 없이 좋았고요. "
포드 V 페라리,7,기대작이라고 해서 봤는데.. 나는 생각보다 별루.. 
포드 V 페라리,9,간만에 재미있는 영화를 봐서 기분이 좋습니다.^^ 
포드 V 페라리,10,1월 2일 오전 11시 50분 대구 CGV G열 8번열에 앉은 돼지년 나초 으그적 처먹는건 좋은데 핸드폰 좀 그만 봐라 이 년아. 옆에 남친이 불쌍타. 
포드 V 페라리,9,좋은 차가 사고싶네요. 배우들의 연기력이 넘넘 대단합니다 
포드 V 페라리,10,인생영화입니다. 반드시 보세요. 자동차나 액션 관심없는 사람에게도 추천합니다. 
포드 V 페라리,10,이게 영화죠... 잘줄알았던 와이프가 인생 최고의 영화라고 합니다. 역주행 됐음 좋겠네요 
포드 V 페라리,10,걍 재밌음 영화의 목적이 무엇이냐?? 재미아니냐? 
포드 V 페라리,8,조금 지루하지만 재밌어요 
포드 V 페라리,10,시간가는 줄 몰랐어요..영화가 길었다는게 끝나고야 알았네요.자동차 엔진소리가 사람 참 흥분시키네요^^ 
포드 V 페라리,10,정말 재미있게 봤습니다. 
포드 V 페라리,10,올해 본 영화중 최고!왜 이런 영화가 상영관이 모자랄까여?여자인 내가 봐도 잘 만든 영화예요. 
포드 V 페라리,10,2019년 영화 중 최고입니다.러닝타임인 긴영화인지 전혀 모르고 봤어요  꼭 영화관에서 봐야할 영화 입니다^^ 
포드 V 페라리,10,이 영화는 세상을 바꿀 영화입니다. 
포드 V 페라리,10,어제 용산cgv에서 4d로 보고 왔어요!! 4d로 본 영화 중 최고였어요!! 안보신 분들은 꼭 보세요!! 
포드 V 페라리,10,이거 보고 레이싱 게임 하나 구매한다 
포드 V 페라리,10,아 진짜 신나게 봤다. 뭔 영화가 이리 잼있냐. 중간 중간 눈물도 난다. 
포드 V 페라리,10,짱입니다 엔진소리 심장두근 
포드 V 페라리,10,영화 보는 내내 심장이 뛰는 영화였습니다. 
포드 V 페라리,6,이 영화보고 집에가는 길에 차로 고라니를 때려박았습니다.켄 마일즈와 오버랩 되는 순간이었으나 죽지는 않았습니다.수리비가 많이 나가서 6점 드립니다. 
포드 V 페라리,10,레이스는 포드가 이겼을지 모르지만 차에 대한 정신은 페라리가 이겼다. 보고나면 포드한테 빡치게 되는 영화 
포드 V 페라리,10,
포드 V 페라리,10,두시간반이 후딱... 새해 첫영화 성공 
포드 V 페라리,10,정말명작입니다 강추합니다. 
포드 V 페라리,8,"중간에 크리스찬베일이 죽을꺼같은 느낌때문에 르망24시를 손에 땀을 지고 봤는데,. 아무일도 일어나지 않음.. 이런 연출이 이영화를 살린게 아닐까한다. "
포드 V 페라리,10,영화보는 내내 심장이 뜀을 느낄수 있었습니다. 이 영화를 보고 느꼈던 점은 역시 영화 순위보다 평점을 보고 봐야 한다는걸 새삼 느꼈습니다. 잔잔한 이야기들이 감동이네요. 
포드 V 페라리,10,무조건 4dx 정말 무조건 제발. 4dx는 이런 영화를 위해 존재 하는거야. 엔진 떨릴때 시트도 같이 떨리니 대흥분! 
포드 V 페라리,10,
포드 V 페라리,10,이런 명작이 상영관이 얼마 없다는것이 안타깝습니다.꼭 보세요 차를 좋아하지 않아도 매료될 영화입니다.배우들의 정말 대단한 연기와 빠져드는 연출에 박수를! 짝짝짝 
포드 V 페라리,10,my평점 클래식한 구성과 높은 완성도 믿고보는 맷데이먼과 크리스천베일의 환상콤비가 가솔린 냄새와 열기가 작렬하는 르망24의 레이싱서킷의 아스팔트로 인도한다 당신의 심장을 7000rpm으로 끌어올려 감동의 아드레날린을 솟구치게할 최고의 영화..!졸작 ''백두산''에 뺒긴 상영관수에 빡친 당신의 눈과귀를 씻겨줄 2020연초를 기분좋게 시작하기에 좋은 히든명작..!! Two  thumbs  up!!! 
포드 V 페라리,10,"나도 뭔가라도 해야만 할것 같았던 심장이 뛸 만한 스토리 , 영상미 , 연출 , 연기 , 다소 아쉬운 웃음포인트 "
포드 V 페라리,9,"사공이 많으면 배가 산으로 간다는 속담의 실제 사례.지나치게 레이싱 위주의 영화 일까 걱정했으나 기우에 지나지 않았다. 충분히 이해할 수 있고 납득 가능한 전개와 좋은 배우들의 좋은 연기, 그리고 훌륭한 마무리까지!런닝타임이 길게 느껴지지않은 수작이다.포드같은 미국차 관계자들이 꼭 봤으면 하는 영화이다. "
포드 V 페라리,10,개미쳤음 인생 띵작 영화임 
포드 V 페라리,10,후회없어요 꼭 보세요~!! 
포드 V 페라리,10,"진짜 일,사랑,가족,우정,돈,명예 이 모든것에 대해 생각하게해주고 유머도 있고 감동도 있는 영화입니다ㅠㅠ이거보고 인생영화가 생겼음ㅠㅠ!!!! "
포드 V 페라리,10,어제 하루 백두산 갔다가 씁쓸해진 기분 미드웨이 섬에서 힐링하고 오늘 포드vs페라리로 홍콩까지 갔다. 진짜 최고다 이런게 영화지! 
포드 V 페라리,10,최고최고! 켄마일스의 순수함이 너무 아름다우면서도 슬펐어요..진정한 레이서! 
포드 V 페라리,10,순수한 레이서의 열정과 연기력 짱! 
포드 V 페라리,10,난 왜 이 영화를 이제서야 극장에서 봤을까...늦게 본게 아쉽지만 늦게라도 극장에서 봐서 다행이다! 
포드 V 페라리,10,정말 재밌어요 심장 두근두근 오랜만에 영화다운 양화봅니다. 또 보러가고싶네요. 
포드 V 페라리,10,11점없냐??? 연기 스토리 다이나믹 모두 11점 
포드 V 페라리,8,
포드 V 페라리,9,재밌음 
포드 V 페라리,9,어떻게 이영화관객이 1만이지? 10만도 아니고 100만도 아닌... 
포드 V 페라리,10,페라리가 왜 아직도 최고의 차로 인정받는지 깨달았음. 
포드 V 페라리,10,믿고보는 맷데이먼..♡ 사랑해요 영원히♡ 하투하투♡ 
포드 V 페라리,9,아주잘만든 영화라 생각되더라 관중수가 아쉽네 
포드 V 페라리,10,최근에 본 영화 중에 가장 심장 뛰게 만든 영화 
포드 V 페라리,10,"상영관이 적다는게 가장 큰 단점인 영화...정말 재밌게 봤네요 2019년도 최고의 영화 연기력, 스토리, 몰입도, 영상미 최고 "
포드 V 페라리,10,
포드 V 페라리,8,150분동안 지루할틈없이 완벽한 영상미에 최고의 연기의영화다. 
포드 V 페라리,10,제가 차에 탄 기분이네요...연기가 기가 막힙니다. 
포드 V 페라리,10,결말이 슬프긴하지만 레이싱씬 박진감넘치고 재밌었음 
포드 V 페라리,9,베일신은 언제나 믿고본다7000rpm의 몰입감 
포드 V 페라리,10,와 보고 나와서도 심장이 두근거림... 
포드 V 페라리,10,아늬 이게 왜 100만 겨우 넘긴거지 역대급으로 재밌는데... 
포드 V 페라리,9,만원이 아깝지않던 순간이였다진짜재밌네 
포드 V 페라리,10,이병헌 하정우 마동석은 포드V페라리 보고 본인들 영화가 부끄러울듯 ㅋ 
포드 V 페라리,1,백두산이 더 재밌어요 
포드 V 페라리,10,배트맨이랑 제이슨본이랑 싸우면 누가 이길까? 
포드 V 페라리,8,시간가는줄 모르게 잼있었음 
포드 V 페라리,10,긴 런닝타임이 무색하게 빠르게 지나갔다. 
포드 V 페라리,10,
포드 V 페라리,10,페라리와 마일스처럼 인생을 살아가면 어떨까 생각해보았습니다. 
포드 V 페라리,10,이런걸 영화라고 하는거다 
포드 V 페라리,10,극장에서 안 봄 후회함 간만에 10점 영화 
포드 V 페라리,10,최고의영화 . 정말 명작이었다 
포드 V 페라리,7,"올해 꼭 봐야할 영화중 한편,,배우들의 연기 그리고 연출,, 놓치면 후회할 영화 "
포드 V 페라리,9,이 영화는 남자의 영화임 
포드 V 페라리,10,
포드 V 페라리,10,진짜 ㅠㅠ 안봐서 구렇지 본사람들은 긴장합니다 엄청 흥미진진해서 살떨면서 봣어요 춥지도 않는데 떨면서 진짜 연기도 대단하고요 무엇보다 긴장감이 넘쳐욤!! 인생영화라고 생각해요 저는 
포드 V 페라리,10,리뷰보고 선택했는데 최고네요.레이싱 경기 보는 기분이에요. 반드시 스크린 큰 극장 좋은 자리에서 보세요. 
포드 V 페라리,10,현실적인 결말... 회사다니기 싫어짐 
포드 V 페라리,10,눈물나고 가슴벅찬다.... 
포드 V 페라리,10,
포드 V 페라리,10,최고의 자동차영화. 몰입도 굉장히 높네요 
포드 V 페라리,10,"자극적이지 않으면서도 몰입감 최고인, 영화 본연의 매력을 정말 잘 살린 영화! 광고문구가 틀린게 하나도 없습니다. ㅎ "
포드 V 페라리,10,진짜 꿀잼... 연기자들 연기 장난아니고 구성도 끌지않고 좋았다 
포드 V 페라리,10,평점 처음으로 남김니다...진짜 최고다 
포드 V 페라리,10,
포드 V 페라리,10,정신없이   봤음재미짐 
포드 V 페라리,10,"한번보고 부모님,삼촌,여생 데리고 가서 또봤다.  다들 몰입감에서  헤어나오지 못하며 첨부터 끝까지 빠지면서 봤다.  몇년만에  역대급 인생 명화 발견했다.  영화포스터,예고편을 흥미롭지 못하게 만들어서 흥행몰이가 미지근했던것같다. 일단 보면 너무나 깜놀이다. "
포드 V 페라리,8,두배우 연기 음악 스토리 연출수작인거같아요 
포드 V 페라리,10,두번 봐도 질리지 않는 영화. 레이싱의 짜릿함을 그대로 느낄 수 있다. 더불어 인생에 대해서도 생각하게 하는 영화. 
포드 V 페라리,10,최고의 영화 뜨거운가슴 7000rpm 
포드 V 페라리,10,액션 영화인데 두 시간 반이라는 러닝타임이 납득이 간다. 인생에 완급 조절이 필요할 때 그리고 한계까지 몰아붙여 달려야 할 때가 언제인지 스스로에게 물어볼 수 있던 영화. 
포드 V 페라리,10,재밌게 가슴졸이면서 봤어요 엔진소리 듣기좋았습니다 
포드 V 페라리,9,차고 넘치는 액션 레이싱 영화로 만들지 않은 명품 배우들의 열연과 감독의 연출 
포드 V 페라리,10,
포드 V 페라리,10,7000+ GO LIKE HELL 
포드 V 페라리,10,자동차엔진 소리가 음악처럼 들린 영화기대도 정보도 없이 봤다 훅 빠져서 보고 왔어요 
포드 V 페라리,10,레이싱영화라고 하기엔 그들의 인생이 너무 멋지다 
포드 V 페라리,9,2시간 40분 순삭 
포드 V 페라리,10,
포드 V 페라리,10,모든 게 완벽한 영화!!! 
포드 V 페라리,9,"남자들의 영화. 꿈을 이루고자 하는 사람, 그걸 이용해서 돈과 지위를 얻거나 남을 깔아뭉개고 싶은 사람들이 어우러져 있다. 하지만 결국 역사에 남는 건 꿈을 이룬사람들... "
포드 V 페라리,10,예술!!말이 필요없어요 
포드 V 페라리,9,맷 데이먼과 크리스찬 베일의 환상 콤비 
포드 V 페라리,10,
포드 V 페라리,9,포드는 돈을택했지만 페라리는 차에대한 프라이드를 택하다!!그게 현재의 포드와 페라리의 위치 
포드 V 페라리,8,씽씽 달리는 기분 느껴보고 싶네요ㅋㅋ 
포드 V 페라리,2,졸립니다 자다 깨다 했어요 
포드 V 페라리,7,그래서 그 시절 이후 포드는 지금까지 우승을 못했구나. 
포드 V 페라리,10,재밌어서 시간 살살 녹음. 
포드 V 페라리,10,"멧데이먼 좋아해서 영화를 봤어요. 두 주인공의 연기도  정말 멋졌고, 스피드 하는동안 정말 스릴 넘쳤어요. 또 보고싶은ㅍ영화.. 친구에게 추천하고싶은 영화입니다 "
포드 V 페라리,10,크리스찬베일 존멋탱...이것이 영화지요.. 
포드 V 페라리,10,2019년 가장 기억에 남는 영화 
포드 V 페라리,10,시간이 순삭.. 최근 본 영화중에 제일 재미있었다 
포드 V 페라리,8,
포드 V 페라리,9,"정작 관객들이 본 것은 ""포드 V 페라리""가 아니라 ""포드의 꼰대들""이었고...ㅋ "
포드 V 페라리,8,베일 느님 너무 멋지고 좋았지만 대부분 설득 대화 장면이라 좀 지루했네요ㅠ 러닝타임 좀 줄여도 됫을듯.. 마지막 레이싱 부분은 정말 압권 
포드 V 페라리,10,간만에 남자의 영화다잉 
포드 V 페라리,10,올해 본 영화중 제일 재밌게 봤네요~ 
포드 V 페라리,10,"최고의영화. 내용과 스릴, 사운드 모두만족 "
포드 V 페라리,10,너무 재미있게 잘봤습니다. 
